file,line_no,description,quantity,unit_price,amount
INV-01.pdf,1,"File folders, letter, 100",12,15.6,187.2
INV-01.pdf,2,"Highlighters, 6 colors",12,6.8,81.6
INV-01.pdf,3,"Whiteboard markers, 8 pack",4,11.4,45.6
INV-01.pdf,4,"Envelopes #10, box of 500",1,27.9,27.9
INV-01.pdf,5,"Desk fan, 12 in",2,29.99,59.98
INV-02.pdf,1,Stretch film 18 in x 1500 ft,12,1950,23400
INV-02.pdf,2,"Corrugated box 18x14x12 in, 5-ply",250,310,77500
INV-02.pdf,3,"Printed mailer bags 12x16, 100",12,2300,27600
INV-02.pdf,4,"Corrugated box 12x10x8 in, 3-ply",200,145,29000
INV-10.pdf,1,"Pallet wrap, black",2,2150,4300
INV-10.pdf,2,Stretch film 18 in x 1500 ft,5,1950,9750
INV-10.pdf,3,"Kraft paper roll, 36 in",12,3200,38400
INV-10.pdf,4,Bubble wrap roll 1 m x 50 m,10,2450,24500
R-02.pdf,1,Oat milk latte,2,5.25,10.5
R-02.pdf,2,Blueberry muffin,1,3.75,3.75
R-02.pdf,3,"Cold brew, large",1,4.95,4.95
R-03.jpg,1,Atta flour 10 kg,1,1320,1320
R-03.jpg,2,Sugar 2 kg,1,330,330
R-03.jpg,3,Lentils (masoor) 1 kg,2,410,820
R-03.jpg,4,Dish soap 500 ml,1,245,245
R-06.pdf,1,Chicken 1 kg,2,780,1560
R-06.pdf,2,Tomatoes 1 kg,1,220,220
R-06.pdf,3,Yogurt 1 kg,1,340,340